Name,Age
Alice,25
Bob,30
Charlie,35
David,40
Eve,45
Frank,50
Grace,55
Hannah,60
Ivy,65
Jack,70
Katherine,75
Liam,80
Michael,85
Nina,90
Oscar,95
Paul,100
Quincy,105
Rachel,110
Sam,115
Tina,120
Uma,125
Victor,130
Wendy,135
Xander,140
Yara,145
Zack,150
Aaron,155
Bella,160
Cameron,165
Daisy,170
Edward,175
Fiona,180
George,185
Helena,190
Isaac,195
Julia,200
Karl,205
Lily,210
Martin,215
Nora,220
Oliver,225
Penelope,230
Quinn,235
Robert,240
Sara,245
Thomas,250
Ursula,255
Violet,260
Walter,265
Xenia,270
Yvonne,275
Zane,280
Arthur,285
Beatrice,290
Chris,295
Diana,300
Ethan,305
Frances,310
Gregory,315
Harriet,320
Ian,325
Jessie,330
Kevin,335
Laura,340
Miles,345
Natalie,350
Omar,355
Phoebe,360
Quentin,365
Riley,370
Shane,375
Talia,380
Umar,385
Vivian,390
Wyatt,395
Xavier,400
Yasmine,405
Zara,410
Adrian,415
Beth,420
Caleb,425
Denise,430
Eric,435
Faith,440
Gareth,445
Heather,450
Isaiah,455
Jenny,460
Kurt,465
Leah,470
Marcus,475
Nadine,480
Owen,485
Paula,490
Quinton,495
Ruth,500
Simon,505
Tamara,510
Ulysses,515
Valerie,520
Alice,525
Bob,530
Charlie,535
David,540
Eve,545
Frank,550
Grace,555
Hannah,560
Ivy,565
Jack,570
Katherine,575
Liam,580
Michael,585
Nina,590
Oscar,595
Paul,600
Quincy,605
Rachel,610
Sam,615
Tina,620
Uma,625
Victor,630
Wendy,635
Xander,640
Yara,645
Zack,650
Aaron,655
Bella,660
Cameron,665
Daisy,670
Edward,675
Fiona,680
George,685
Helena,690
Isaac,695
Julia,700
Karl,705
Lily,710
Martin,715
Nora,720
Oliver,725
Penelope,730
Quinn,735
Robert,740
Sara,745
Thomas,750
Ursula,755
Violet,760
Walter,765
Xenia,770
Yvonne,775
Zane,780
Arthur,785
Beatrice,790
Chris,795
Diana,800
Ethan,805
Frances,810
Gregory,815
Harriet,820
Ian,825
Jessie,830
Kevin,835
Laura,840
Miles,845
Natalie,850
Omar,855
Phoebe,860
Quentin,865
Riley,870
Shane,875
Talia,880
Umar,885
Vivian,890
Wyatt,895
Xavier,900
Yasmine,905
Zara,910
Adrian,915
Beth,920
Caleb,925
Denise,930
Eric,935
Faith,940
Gareth,945
Heather,950
Isaiah,955
Jenny,960
Kurt,965
Leah,970
Marcus,975
Nadine,980
Owen,985
Paula,990
Quinton,995
Ruth,1000
Simon,1005
Tamara,1010
Ulysses,1015
Valerie,1020
Alice,1025
Bob,1030
Charlie,1035
David,1040
Eve,1045
Frank,1050
Grace,1055
Hannah,1060
Ivy,1065
Jack,1070
Katherine,1075
Liam,1080
Michael,1085
Nina,1090
Oscar,1095
Paul,1100
Quincy,1105
Rachel,1110
Sam,1115
Tina,1120
Uma,1125
Victor,1130
Wendy,1135
Xander,1140
Yara,1145
Zack,1150
Aaron,1155
Bella,1160
Cameron,1165
Daisy,1170
Edward,1175
Fiona,1180
George,1185
Helena,1190
Isaac,1195
Julia,1200
Karl,1205
Lily,1210
Martin,1215
Nora,1220
Oliver,1225
Penelope,1230
Quinn,1235
Robert,1240
Sara,1245
Thomas,1250
Ursula,1255
Violet,1260
Walter,1265
Xenia,1270
Yvonne,1275
Zane,1280
Arthur,1285
Beatrice,1290
Chris,1295
Diana,1300
Ethan,1305
Frances,1310
Gregory,1315
Harriet,1320
Ian,1325
Jessie,1330
Kevin,1335
Laura,1340
Miles,1345
Natalie,1350
Omar,1355
Phoebe,1360
Quentin,1365
Riley,1370
Shane,1375
Talia,1380
Umar,1385
Vivian,1390
Wyatt,1395
Xavier,1400
Yasmine,1405
Zara,1410
Adrian,1415
Beth,1420
Caleb,1425
Denise,1430
Eric,1435
Faith,1440
Gareth,1445
Heather,1450
Isaiah,1455
Jenny,1460
Kurt,1465
Leah,1470
Marcus,1475
Nadine,1480
Owen,1485
Paula,1490
Quinton,1495
Ruth,1500
Simon,1505
Tamara,1510
Ulysses,1515
Valerie,1520
Alice,1525
Bob,1530
Charlie,1535
David,1540
Eve,1545
Frank,1550
Grace,1555
Hannah,1560
Ivy,1565
Jack,1570
Katherine,1575
Liam,1580
Michael,1585
Nina,1590
Oscar,1595
Paul,1600
Quincy,1605
Rachel,1610
Sam,1615
Tina,1620
Uma,1625
Victor,1630
Wendy,1635
Xander,1640
Yara,1645
Zack,1650
Aaron,1655
Bella,1660
Cameron,1665
Daisy,1670
Edward,1675
Fiona,1680
George,1685
Helena,1690
Isaac,1695
Julia,1700
Karl,1705
Lily,1710
Martin,1715
Nora,1720
Oliver,1725
Penelope,1730
Quinn,1735
Robert,1740
Sara,1745
Thomas,1750
Ursula,1755
Violet,1760
Walter,1765
Xenia,1770
Yvonne,1775
Zane,1780
Arthur,1785
Beatrice,1790
Chris,1795
Diana,1800
Ethan,1805
Frances,1810
Gregory,1815
Harriet,1820
Ian,1825
Jessie,1830
Kevin,1835
Laura,1840
Miles,1845
Natalie,1850
Omar,1855
Phoebe,1860
Quentin,1865
Riley,1870
Shane,1875
Talia,1880
Umar,1885
Vivian,1890
Wyatt,1895
Xavier,1900
Yasmine,1905
Zara,1910
Adrian,1915
Beth,1920
Caleb,1925
Denise,1930
Eric,1935
Faith,1940
Gareth,1945
Heather,1950
Isaiah,1955
Jenny,1960
Kurt,1965
Leah,1970
Marcus,1975
Nadine,1980
Owen,1985
Paula,1990
Quinton,1995
Ruth,2000
Simon,2005
Tamara,2010
Ulysses,2015
Valerie,2020
Alice,2025
Bob,2030
Charlie,2035
David,2040
Eve,2045
Frank,2050
Grace,2055
Hannah,2060
Ivy,2065
Jack,2070
Katherine,2075
Liam,2080
Michael,2085
Nina,2090
Oscar,2095
Paul,2100
Quincy,2105
Rachel,2110
Sam,2115
Tina,2120
Uma,2125
Victor,2130
Wendy,2135
Xander,2140
Yara,2145
Zack,2150
Aaron,2155
Bella,2160
Cameron,2165
Daisy,2170
Edward,2175
Fiona,2180
George,2185
Helena,2190
Isaac,2195
Julia,2200
Karl,2205
Lily,2210
Martin,2215
Nora,2220
Oliver,2225
Penelope,2230
Quinn,2235
Robert,2240
Sara,2245
Thomas,2250
Ursula,2255
Violet,2260
Walter,2265
Xenia,2270
Yvonne,2275
Zane,2280
Arthur,2285
Beatrice,2290
Chris,2295
Diana,2300
Ethan,2305
Frances,2310
Gregory,2315
Harriet,2320
Ian,2325
Jessie,2330
Kevin,2335
Laura,2340
Miles,2345
Natalie,2350
Omar,2355
Phoebe,2360
Quentin,2365
Riley,2370
Shane,2375
Talia,2380
Umar,2385
Vivian,2390
Wyatt,2395
Xavier,2400
Yasmine,2405
Zara,2410
Adrian,2415
Beth,2420
Caleb,2425
Denise,2430
Eric,2435
Faith,2440
Gareth,2445
Heather,2450
Isaiah,2455
Jenny,2460
Kurt,2465
Leah,2470
Marcus,2475
Nadine,2480
Owen,2485
Paula,2490
Quinton,2495
Ruth,2500
Simon,2505
Tamara,2510
Ulysses,2515
Valerie,2520
Alice,2525
Bob,2530
Charlie,2535
David,2540
Eve,2545
Frank,2550
Grace,2555
Hannah,2560
Ivy,2565
Jack,2570
Katherine,2575
Liam,2580
Michael,2585
Nina,2590
Oscar,2595
Paul,2600
Quincy,2605
Rachel,2610
Sam,2615
Tina,2620
Uma,2625
Victor,2630
Wendy,2635
Xander,2640
Yara,2645
Zack,2650
Aaron,2655
Bella,2660
Cameron,2665
Daisy,2670
Edward,2675
Fiona,2680
George,2685
Helena,2690
Isaac,2695
Julia,2700
Karl,2705
Lily,2710
Martin,2715
Nora,2720
Oliver,2725
Penelope,2730
Quinn,2735
Robert,2740
Sara,2745
Thomas,2750
Ursula,2755
Violet,2760
Walter,2765
Xenia,2770
Yvonne,2775
Zane,2780
Arthur,2785
Beatrice,2790
Chris,2795
Diana,2800
Ethan,2805
Frances,2810
Gregory,2815
Harriet,2820
Ian,2825
Jessie,2830
Kevin,2835
Laura,2840
Miles,2845
Natalie,2850
Omar,2855
Phoebe,2860
Quentin,2865
Riley,2870
Shane,2875
Talia,2880
Umar,2885
Vivian,2890
Wyatt,2895
Xavier,2900
Yasmine,2905
Zara,2910
Adrian,2915
Beth,2920
Caleb,2925
Denise,2930
Eric,2935
Faith,2940
Gareth,2945
Heather,2950
Isaiah,2955
Jenny,2960
Kurt,2965
Leah,2970
Marcus,2975
Nadine,2980
Owen,2985
Paula,2990
Quinton,2995
Ruth,3000
Simon,3005
Tamara,3010
Ulysses,3015
Valerie,3020
Alice,3025
Bob,3030
Charlie,3035
David,3040
Eve,3045
Frank,3050
Grace,3055
Hannah,3060
Ivy,3065
Jack,3070
Katherine,3075
Liam,3080
Michael,3085
Nina,3090
Oscar,3095
Paul,3100
Quincy,3105
Rachel,3110
Sam,3115
Tina,3120
Uma,3125
Victor,3130
Wendy,3135
Xander,3140
Yara,3145
Zack,3150
Aaron,3155
Bella,3160
Cameron,3165
Daisy,3170
Edward,3175
Fiona,3180
George,3185
Helena,3190
Isaac,3195
Julia,3200
Karl,3205
Lily,3210
Martin,3215
Nora,3220
Oliver,3225
Penelope,3230
Quinn,3235
Robert,3240
Sara,3245
Thomas,3250
Ursula,3255
Violet,3260
Walter,3265
Xenia,3270
Yvonne,3275
Zane,3280
Arthur,3285
Beatrice,3290
Chris,3295
Diana,3300
Ethan,3305
Frances,3310
Gregory,3315
Harriet,3320
Ian,3325
Jessie,3330
Kevin,3335
Laura,3340
Miles,3345
Natalie,3350
Omar,3355
Phoebe,3360
Quentin,3365
Riley,3370
Shane,3375
Talia,3380
Umar,3385
Vivian,3390
Wyatt,3395
Xavier,3400
Yasmine,3405
Zara,3410
Adrian,3415
Beth,3420
Caleb,3425
Denise,3430
Eric,3435
Faith,3440
Gareth,3445
Heather,3450
Isaiah,3455
Jenny,3460
Kurt,3465
Leah,3470
Marcus,3475
Nadine,3480
Owen,3485
Paula,3490
Quinton,3495
Ruth,3500
Simon,3505
Tamara,3510
Ulysses,3515
Valerie,3520
Alice,3525
Bob,3530
Charlie,3535
David,3540
Eve,3545
Frank,3550
Grace,3555
Hannah,3560
Ivy,3565
Jack,3570
Katherine,3575
Liam,3580
Michael,3585
Nina,3590
Oscar,3595
Paul,3600
Quincy,3605
Rachel,3610
Sam,3615
Tina,3620
Uma,3625
Victor,3630
Wendy,3635
Xander,3640
Yara,3645
Zack,3650
Aaron,3655
Bella,3660
Cameron,3665
Daisy,3670
Edward,3675
Fiona,3680
George,3685
Helena,3690
Isaac,3695
Julia,3700
Karl,3705
Lily,3710
Martin,3715
Nora,3720
Oliver,3725
Penelope,3730
Quinn,3735
Robert,3740
Sara,3745
Thomas,3750
Ursula,3755
Violet,3760
Walter,3765
Xenia,3770
Yvonne,3775
Zane,3780
Arthur,3785
Beatrice,3790
Chris,3795
Diana,3800
Ethan,3805
Frances,3810
Gregory,3815
Harriet,3820
Ian,3825
Jessie,3830
Kevin,3835
Laura,3840
Miles,3845
Natalie,3850
Omar,3855
Phoebe,3860
Quentin,3865
Riley,3870
Shane,3875
Talia,3880
Umar,3885
Vivian,3890
Wyatt,3895
Xavier,3900
Yasmine,3905
Zara,3910
Adrian,3915
Beth,3920
Caleb,3925
Denise,3930
Eric,3935
Faith,3940
Gareth,3945
Heather,3950
Isaiah,3955
Jenny,3960
Kurt,3965
Leah,3970
Marcus,3975
Nadine,3980
Owen,3985
Paula,3990
Quinton,3995
Ruth,4000
Simon,4005
Tamara,4010
Ulysses,4015
Valerie,4020
Alice,4025
Bob,4030
Charlie,4035
David,4040
Eve,4045
Frank,4050
Grace,4055
Hannah,4060
Ivy,4065
Jack,4070
Katherine,4075
Liam,4080
Michael,4085
Nina,4090
Oscar,4095
Paul,4100
Quincy,4105
Rachel,4110
Sam,4115
Tina,4120
Uma,4125
Victor,4130
Wendy,4135
Xander,4140
Yara,4145
Zack,4150
Aaron,4155
Bella,4160
Cameron,4165
Daisy,4170
Edward,4175
Fiona,4180
George,4185
Helena,4190
Isaac,4195
Julia,4200
Karl,4205
Lily,4210
Martin,4215
Nora,4220
Oliver,4225
Penelope,4230
Quinn,4235
Robert,4240
Sara,4245
Thomas,4250
Ursula,4255
Violet,4260
Walter,4265
Xenia,4270
Yvonne,4275
Zane,4280
Arthur,4285
Beatrice,4290
Chris,4295
Diana,4300
Ethan,4305
Frances,4310
Gregory,4315
Harriet,4320
Ian,4325
Jessie,4330
Kevin,4335
Laura,4340
Miles,4345
Natalie,4350
Omar,4355
Phoebe,4360
Quentin,4365
Riley,4370
Shane,4375
Talia,4380
Umar,4385
Vivian,4390
Wyatt,4395
Xavier,4400
Yasmine,4405
Zara,4410
Adrian,4415
Beth,4420
Caleb,4425
Denise,4430
Eric,4435
Faith,4440
Gareth,4445
Heather,4450
Isaiah,4455
Jenny,4460
Kurt,4465
Leah,4470
Marcus,4475
Nadine,4480
Owen,4485
Paula,4490
Quinton,4495
Ruth,4500
Simon,4505
Tamara,4510
Ulysses,4515
Valerie,4520
Alice,4525
Bob,4530
Charlie,4535
David,4540
Eve,4545
Frank,4550
Grace,4555
Hannah,4560
Ivy,4565
Jack,4570
Katherine,4575
Liam,4580
Michael,4585
Nina,4590
Oscar,4595
Paul,4600
Quincy,4605
Rachel,4610
Sam,4615
Tina,4620
Uma,4625
Victor,4630
Wendy,4635
Xander,4640
Yara,4645
Zack,4650
Aaron,4655
Bella,4660
Cameron,4665
Daisy,4670
Edward,4675
Fiona,4680
George,4685
Helena,4690
Isaac,4695
Julia,4700
Karl,4705
Lily,4710
Martin,4715
Nora,4720
Oliver,4725
Penelope,4730
Quinn,4735
Robert,4740
Sara,4745
Thomas,4750
Ursula,4755
Violet,4760
Walter,4765
Xenia,4770
Yvonne,4775
Zane,4780
Arthur,4785
Beatrice,4790
Chris,4795
Diana,4800
Ethan,4805
Frances,4810
Gregory,4815
Harriet,4820
Ian,4825
Jessie,4830
Kevin,4835
Laura,4840
Miles,4845
Natalie,4850
Omar,4855
Phoebe,4860
Quentin,4865
Riley,4870
Shane,4875
Talia,4880
Umar,4885
Vivian,4890
Wyatt,4895
Xavier,4900
Yasmine,4905
Zara,4910
Adrian,4915
Beth,4920
Caleb,4925
Denise,4930
Eric,4935
Faith,4940
Gareth,4945
Heather,4950
Isaiah,4955
Jenny,4960
Kurt,4965
Leah,4970
Marcus,4975
Nadine,4980
Owen,4985
Paula,4990
Quinton,4995
Ruth,5000
Simon,5005
Tamara,5010
Ulysses,5015
Valerie,5020